<?xml version="1.0"?>
<doc>
    <assembly>
        <name>Secs4Net</name>
    </assembly>
    <members>
        <member name="M:System.Runtime.CompilerServices.RuntimeHelpers.GetSubArray``1(``0[],System.Range)">
            <summary>
            Slices the specified array using the specified range.
            </summary>
        </member>
        <member name="T:System.Diagnostics.CodeAnalysis.AllowNullAttribute">
            <summary>Specifies that null is allowed as an input even if the corresponding type disallows it.</summary>
        </member>
        <member name="T:System.Diagnostics.CodeAnalysis.DisallowNullAttribute">
            <summary>Specifies that null is disallowed as an input even if the corresponding type allows it.</summary>
        </member>
        <member name="T:System.Diagnostics.CodeAnalysis.MaybeNullAttribute">
            <summary>Specifies that an output may be null even if the corresponding type disallows it.</summary>
        </member>
        <member name="T:System.Diagnostics.CodeAnalysis.NotNullAttribute">
            <summary>Specifies that an output will not be null even if the corresponding type allows it. Specifies that an input argument was not null when the call returns.</summary>
        </member>
        <member name="T:System.Diagnostics.CodeAnalysis.MaybeNullWhenAttribute">
            <summary>Specifies that when a method returns <see cref="P:System.Diagnostics.CodeAnalysis.MaybeNullWhenAttribute.ReturnValue"/>, the parameter may be null even if the corresponding type disallows it.</summary>
        </member>
        <member name="M:System.Diagnostics.CodeAnalysis.MaybeNullWhenAttribute.#ctor(System.Boolean)">
            <summary>Initializes the attribute with the specified return value condition.</summary>
            <param name="returnValue">
            The return value condition. If the method returns this value, the associated parameter may be null.
            </param>
        </member>
        <member name="P:System.Diagnostics.CodeAnalysis.MaybeNullWhenAttribute.ReturnValue">
            <summary>Gets the return value condition.</summary>
        </member>
        <member name="T:System.Diagnostics.CodeAnalysis.NotNullWhenAttribute">
            <summary>Specifies that when a method returns <see cref="P:System.Diagnostics.CodeAnalysis.NotNullWhenAttribute.ReturnValue"/>, the parameter will not be null even if the corresponding type allows it.</summary>
        </member>
        <member name="M:System.Diagnostics.CodeAnalysis.NotNullWhenAttribute.#ctor(System.Boolean)">
            <summary>Initializes the attribute with the specified return value condition.</summary>
            <param name="returnValue">
            The return value condition. If the method returns this value, the associated parameter will not be null.
            </param>
        </member>
        <member name="P:System.Diagnostics.CodeAnalysis.NotNullWhenAttribute.ReturnValue">
            <summary>Gets the return value condition.</summary>
        </member>
        <member name="T:System.Diagnostics.CodeAnalysis.NotNullIfNotNullAttribute">
            <summary>Specifies that the output will be non-null if the named parameter is non-null.</summary>
        </member>
        <member name="M:System.Diagnostics.CodeAnalysis.NotNullIfNotNullAttribute.#ctor(System.String)">
            <summary>Initializes the attribute with the associated parameter name.</summary>
            <param name="parameterName">
            The associated parameter name.  The output will be non-null if the argument to the parameter specified is non-null.
            </param>
        </member>
        <member name="P:System.Diagnostics.CodeAnalysis.NotNullIfNotNullAttribute.ParameterName">
            <summary>Gets the associated parameter name.</summary>
        </member>
        <member name="T:System.Diagnostics.CodeAnalysis.DoesNotReturnAttribute">
            <summary>Applied to a method that will never return under any circumstance.</summary>
        </member>
        <member name="T:System.Diagnostics.CodeAnalysis.DoesNotReturnIfAttribute">
            <summary>Specifies that the method will not return if the associated Boolean parameter is passed the specified value.</summary>
        </member>
        <member name="M:System.Diagnostics.CodeAnalysis.DoesNotReturnIfAttribute.#ctor(System.Boolean)">
            <summary>Initializes the attribute with the specified parameter value.</summary>
            <param name="parameterValue">
            The condition parameter value. Code after the method will be considered unreachable by diagnostics if the argument to
            the associated parameter matches this value.
            </param>
        </member>
        <member name="P:System.Diagnostics.CodeAnalysis.DoesNotReturnIfAttribute.ParameterValue">
            <summary>Gets the condition parameter value.</summary>
        </member>
        <member name="T:System.Diagnostics.CodeAnalysis.MemberNotNullAttribute">
            <summary>Specifies that the method or property will ensure that the listed field and property members have not-null values.</summary>
        </member>
        <member name="M:System.Diagnostics.CodeAnalysis.MemberNotNullAttribute.#ctor(System.String)">
            <summary>Initializes the attribute with a field or property member.</summary>
            <param name="member">
            The field or property member that is promised to be not-null.
            </param>
        </member>
        <member name="M:System.Diagnostics.CodeAnalysis.MemberNotNullAttribute.#ctor(System.String[])">
            <summary>Initializes the attribute with the list of field and property members.</summary>
            <param name="members">
            The list of field and property members that are promised to be not-null.
            </param>
        </member>
        <member name="P:System.Diagnostics.CodeAnalysis.MemberNotNullAttribute.Members">
            <summary>Gets field or property member names.</summary>
        </member>
        <member name="T:System.Diagnostics.CodeAnalysis.MemberNotNullWhenAttribute">
            <summary>Specifies that the method or property will ensure that the listed field and property members have not-null values when returning with the specified return value condition.</summary>
        </member>
        <member name="M:System.Diagnostics.CodeAnalysis.MemberNotNullWhenAttribute.#ctor(System.Boolean,System.String)">
            <summary>Initializes the attribute with the specified return value condition and a field or property member.</summary>
            <param name="returnValue">
            The return value condition. If the method returns this value, the associated parameter will not be null.
            </param>
            <param name="member">
            The field or property member that is promised to be not-null.
            </param>
        </member>
        <member name="M:System.Diagnostics.CodeAnalysis.MemberNotNullWhenAttribute.#ctor(System.Boolean,System.String[])">
            <summary>Initializes the attribute with the specified return value condition and list of field and property members.</summary>
            <param name="returnValue">
            The return value condition. If the method returns this value, the associated parameter will not be null.
            </param>
            <param name="members">
            The list of field and property members that are promised to be not-null.
            </param>
        </member>
        <member name="P:System.Diagnostics.CodeAnalysis.MemberNotNullWhenAttribute.ReturnValue">
            <summary>Gets the return value condition.</summary>
        </member>
        <member name="P:System.Diagnostics.CodeAnalysis.MemberNotNullWhenAttribute.Members">
            <summary>Gets field or property member names.</summary>
        </member>
        <member name="T:System.Index">
            <summary>Represent a type can be used to index a collection either from the start or the end.</summary>
            <remarks>
            Index is used by the C# compiler to support the new index syntax
            <code>
            int[] someArray = new int[5] { 1, 2, 3, 4, 5 } ;
            int lastElement = someArray[^1]; // lastElement = 5
            </code>
            </remarks>
        </member>
        <member name="M:System.Index.#ctor(System.Int32,System.Boolean)">
            <summary>Construct an Index using a value and indicating if the index is from the start or from the end.</summary>
            <param name="value">The index value. it has to be zero or positive number.</param>
            <param name="fromEnd">Indicating if the index is from the start or from the end.</param>
            <remarks>
            If the Index constructed from the end, index value 1 means pointing at the last element and index value 0 means pointing at beyond last element.
            </remarks>
        </member>
        <member name="P:System.Index.Start">
            <summary>Create an Index pointing at first element.</summary>
        </member>
        <member name="P:System.Index.End">
            <summary>Create an Index pointing at beyond last element.</summary>
        </member>
        <member name="M:System.Index.FromStart(System.Int32)">
            <summary>Create an Index from the start at the position indicated by the value.</summary>
            <param name="value">The index value from the start.</param>
        </member>
        <member name="M:System.Index.FromEnd(System.Int32)">
            <summary>Create an Index from the end at the position indicated by the value.</summary>
            <param name="value">The index value from the end.</param>
        </member>
        <member name="P:System.Index.Value">
            <summary>Returns the index value.</summary>
        </member>
        <member name="P:System.Index.IsFromEnd">
            <summary>Indicates whether the index is from the start or the end.</summary>
        </member>
        <member name="M:System.Index.GetOffset(System.Int32)">
            <summary>Calculate the offset from the start using the giving collection length.</summary>
            <param name="length">The length of the collection that the Index will be used with. length has to be a positive value</param>
            <remarks>
            For performance reason, we don't validate the input length parameter and the returned offset value against negative values.
            we don't validate either the returned offset is greater than the input length.
            It is expected Index will be used with collections which always have non negative length/count. If the returned offset is negative and
            then used to index a collection will get out of range exception which will be same affect as the validation.
            </remarks>
        </member>
        <member name="M:System.Index.Equals(System.Object)">
            <summary>Indicates whether the current Index object is equal to another object of the same type.</summary>
            <param name="value">An object to compare with this object</param>
        </member>
        <member name="M:System.Index.Equals(System.Index)">
            <summary>Indicates whether the current Index object is equal to another Index object.</summary>
            <param name="other">An object to compare with this object</param>
        </member>
        <member name="M:System.Index.GetHashCode">
            <summary>Returns the hash code for this instance.</summary>
        </member>
        <member name="M:System.Index.op_Implicit(System.Int32)~System.Index">
            <summary>Converts integer number to an Index.</summary>
        </member>
        <member name="M:System.Index.ToString">
            <summary>Converts the value of the current Index object to its equivalent string representation.</summary>
        </member>
        <member name="T:System.Range">
            <summary>Represent a range has start and end indexes.</summary>
            <remarks>
            Range is used by the C# compiler to support the range syntax.
            <code>
            int[] someArray = new int[5] { 1, 2, 3, 4, 5 };
            int[] subArray1 = someArray[0..2]; // { 1, 2 }
            int[] subArray2 = someArray[1..^0]; // { 2, 3, 4, 5 }
            </code>
            </remarks>
        </member>
        <member name="P:System.Range.Start">
            <summary>Represent the inclusive start index of the Range.</summary>
        </member>
        <member name="P:System.Range.End">
            <summary>Represent the exclusive end index of the Range.</summary>
        </member>
        <member name="M:System.Range.#ctor(System.Index,System.Index)">
            <summary>Construct a Range object using the start and end indexes.</summary>
            <param name="start">Represent the inclusive start index of the range.</param>
            <param name="end">Represent the exclusive end index of the range.</param>
        </member>
        <member name="M:System.Range.Equals(System.Object)">
            <summary>Indicates whether the current Range object is equal to another object of the same type.</summary>
            <param name="value">An object to compare with this object</param>
        </member>
        <member name="M:System.Range.Equals(System.Range)">
            <summary>Indicates whether the current Range object is equal to another Range object.</summary>
            <param name="other">An object to compare with this object</param>
        </member>
        <member name="M:System.Range.GetHashCode">
            <summary>Returns the hash code for this instance.</summary>
        </member>
        <member name="M:System.Range.ToString">
            <summary>Converts the value of the current Range object to its equivalent string representation.</summary>
        </member>
        <member name="M:System.Range.StartAt(System.Index)">
            <summary>Create a Range object starting from start index to the end of the collection.</summary>
        </member>
        <member name="M:System.Range.EndAt(System.Index)">
            <summary>Create a Range object starting from first element in the collection to the end Index.</summary>
        </member>
        <member name="P:System.Range.All">
            <summary>Create a Range object starting from first element to the end.</summary>
        </member>
        <member name="M:System.Range.GetOffsetAndLength(System.Int32)">
            <summary>Calculate the start offset and length of range object using a collection length.</summary>
            <param name="length">The length of the collection that the range will be used with. length has to be a positive value.</param>
            <remarks>
            For performance reason, we don't validate the input length parameter against negative values.
            It is expected Range will be used with collections which always have non negative length/count.
            We validate the range is inside the length scope though.
            </remarks>
        </member>
        <member name="P:Secs4Net.ISecsConnection.State">
            <summary>
            Connection state
            </summary>
        </member>
        <member name="P:Secs4Net.ISecsConnection.IsActive">
            <summary>
            Is Active or Passive mode
            </summary>
        </member>
        <member name="P:Secs4Net.ISecsConnection.IpAddress">
            <summary>
            When <see cref="P:Secs4Net.ISecsConnection.IsActive"/> is <see langword="true"/> the IP address will be treated remote device's IP address, 
            opposite the connection will bind on this IP address as Passive mode.
            </summary>
        </member>
        <member name="P:Secs4Net.ISecsConnection.Port">
            <summary>
            When <see cref="P:Secs4Net.ISecsConnection.IsActive"/> is <see langword="true"/> the port number will be treated remote device's TCP port number, 
            opposite the connection will bind on the port number as Passive mode.
            </summary>
        </member>
        <member name="P:Secs4Net.ISecsConnection.DeviceIpAddress">
            <summary>
            Remote device's IP address.<br/>
            In Active mode, it is the same as IPAddress property<br/>
            In Passive mode, remote IP Address can be resolved successfully only 
            when <see cref="P:Secs4Net.ISecsConnection.State"/> is <see cref="F:Secs4Net.ConnectionState.Connected"/> or <see cref="F:Secs4Net.ConnectionState.Selected"/>, 
            otherwise, return "N/A"
            </summary>
        </member>
        <member name="M:Secs4Net.Item.EncodeTo(System.Buffers.IBufferWriter{System.Byte})">
            <summary>
            Encode the item to SECS binary format
            </summary>
        </member>
        <member name="P:Secs4Net.Item.Item(System.Int32)">
            <summary>
            Indexer of List items.
            Be careful of setter operation. Since the original slot will be overridden.
            So, it has no chance to be Disposed along with the List's Dispose method.
            You can invoke <see cref="M:Secs4Net.Item.Dispose"/> method on the original item by yourself or till the GC collects it.
            </summary>
            <exception cref="T:System.NotSupportedException">When the item's <see cref="P:Secs4Net.Item.Format"/> is not <see cref="F:Secs4Net.SecsFormat.List"/></exception>
            <exception cref="T:System.ArgumentOutOfRangeException"></exception>
        </member>
        <member name="P:Secs4Net.Item.Items">
            <summary>
            Get List's sub-items
            </summary>
            <exception cref="T:System.NotSupportedException">When the item's <see cref="P:Secs4Net.Item.Format"/> is not <see cref="F:Secs4Net.SecsFormat.List"/></exception>
        </member>
        <member name="M:Secs4Net.Item.FirstValue``1">
            <summary>
            Get the first element of item array value
            </summary>
            <typeparam name="T"></typeparam>
            <returns></returns>
            <exception cref="T:System.IndexOutOfRangeException">When item is empty or data length less than sizeof(<typeparamref name="T"/>)</exception>
            <exception cref="T:System.NotSupportedException">when the item's <see cref="P:Secs4Net.Item.Format"/> is <see cref="F:Secs4Net.SecsFormat.List"/> or <see cref="F:Secs4Net.SecsFormat.ASCII"/> or <see cref="F:Secs4Net.SecsFormat.JIS8"/></exception>
        </member>
        <member name="M:Secs4Net.Item.FirstValueOrDefault``1(``0)">
            <summary>
            Get the first element of item array value
            </summary>
            <typeparam name="T"></typeparam>
            <returns></returns>
            <exception cref="T:System.NotSupportedException">when <see cref="P:Secs4Net.Item.Format"/> is <see cref="F:Secs4Net.SecsFormat.List"/> or <see cref="F:Secs4Net.SecsFormat.ASCII"/> or <see cref="F:Secs4Net.SecsFormat.JIS8"/></exception>
        </member>
        <member name="M:Secs4Net.Item.GetMemory``1">
            <summary>
            Get item array as <see cref="T:System.Memory`1"/>
            </summary>
            <exception cref="T:System.NotSupportedException">when <see cref="P:Secs4Net.Item.Format"/> is <see cref="F:Secs4Net.SecsFormat.List"/> or <see cref="F:Secs4Net.SecsFormat.ASCII"/> or <see cref="F:Secs4Net.SecsFormat.JIS8"/></exception>
        </member>
        <member name="M:Secs4Net.Item.GetString">
            <summary>
            Get item string value
            </summary>
            <returns></returns>
            <exception cref="T:System.NotSupportedException">when the <see cref="P:Secs4Net.Item.Format"/> is not <see cref="F:Secs4Net.SecsFormat.ASCII"/> or <see cref="F:Secs4Net.SecsFormat.JIS8"/></exception>
        </member>
        <member name="M:Secs4Net.Item.EncodeItemHeader(Secs4Net.SecsFormat,System.Int32,System.Buffers.IBufferWriter{System.Byte})">
            <summary>
            Encode Item header
            </summary>
            <param name="count">List item count or value bytes length</param>
        </member>
        <member name="P:Secs4Net.SecsGemOptions.IsActive">
            <summary>
            Configure connection as Active or Passive mode.
            </summary>
        </member>
        <member name="P:Secs4Net.SecsGemOptions.IpAddress">
            <summary>
            When <see cref="P:Secs4Net.SecsGemOptions.IsActive"/> is <see langword="true"/> the IP address will be treated remote device's IP address, 
            opposite the connection will bind on this IP address as Passive mode.
            Default value is "127.0.0.1".
            </summary>
        </member>
        <member name="P:Secs4Net.SecsGemOptions.Port">
            <summary>
            When <see cref="P:Secs4Net.SecsGemOptions.IsActive"/> is <see langword="true"/> the port number will be treated remote device's TCP port number, 
            opposite the connection will bind on the port number as Passive mode.
            Default value is 5000.
            </summary>
        </member>
        <member name="P:Secs4Net.SecsGemOptions.T3">
            <summary>
            Configure the timeout interval in milliseconds between the primary message sent till to receive the secondary message.
            Default value is 45000 milliseconds.
            </summary>
        </member>
        <member name="P:Secs4Net.SecsGemOptions.T5">
            <summary>
            Configure the timeout interval in milliseconds between the connection state transition from <see cref="F:Secs4Net.ConnectionState.Connecting"/> to <see cref="F:Secs4Net.ConnectionState.Connected"/>.
            Default value is 10000 milliseconds.
            </summary>
        </member>
        <member name="P:Secs4Net.SecsGemOptions.T6">
            <summary>
            Configure the timeout interval in milliseconds between the control message sent till to receive the reply message.
            Default value is 5000 milliseconds.
            </summary>
        </member>
        <member name="P:Secs4Net.SecsGemOptions.T7">
            <summary>
            Configure the timeout interval in milliseconds between the connection state transition from <see cref="F:Secs4Net.ConnectionState.Connected"/> to <see cref="F:Secs4Net.ConnectionState.Selected"/>.
            Default value is 10000 milliseconds.
            </summary>
        </member>
        <member name="P:Secs4Net.SecsGemOptions.T8">
            <summary>
            Configure the timeout interval in milliseconds between the chunk received to next chunk during decoding a <see cref="T:Secs4Net.SecsMessage"/>.
            Default value is 5000 milliseconds.
            </summary>
        </member>
        <member name="P:Secs4Net.SecsGemOptions.LinkTestInterval">
            <summary>
            Configure the timer interval in milliseconds between each <see cref="F:Secs4Net.MessageType.LinkTestRequest"/> request.
            Default value is 60000.
            </summary>
        </member>
        <member name="P:Secs4Net.SecsGemOptions.SocketReceiveBufferSize">
            <summary>
            Configure a value that specifies the size of the receive buffer of the System.Net.Sockets.Socket.
            Default value is 8192 bytes.
            </summary>
        </member>
        <member name="P:Secs4Net.SecsGemOptions.EncodeBufferInitialSize">
            <summary>
            Configure the initial buffer size in bytes for the <see cref="T:Secs4Net.SecsMessage"/> encoding.
            Default value is 4096 bytes.
            </summary>
        </member>
        <member name="M:Secs4Net.PrimaryMessageWrapper.TryReplyAsync(Secs4Net.SecsMessage,System.Threading.CancellationToken)">
            <summary>
            If the message has already replied, method will return false.
            </summary>
            <param name="replyMessage">Reply S9F7 if parameter is null</param>
            <returns>true, if reply success.</returns>
        </member>
        <member name="T:Secs4Net.Resources">
            <summary>
              A strongly-typed resource class, for looking up localized strings, etc.
            </summary>
        </member>
        <member name="P:Secs4Net.Resources.ResourceManager">
            <summary>
              Returns the cached ResourceManager instance used by this class.
            </summary>
        </member>
        <member name="P:Secs4Net.Resources.Culture">
            <summary>
              Overrides the current thread's CurrentUICulture property for all
              resource lookups using this strongly typed resource class.
            </summary>
        </member>
        <member name="P:Secs4Net.Resources.S9F1">
            <summary>
              Looks up a localized string similar to Unrecognized Device Id.
            </summary>
        </member>
        <member name="P:Secs4Net.Resources.S9F11">
            <summary>
              Looks up a localized string similar to Data Too Long.
            </summary>
        </member>
        <member name="P:Secs4Net.Resources.S9F13">
            <summary>
              Looks up a localized string similar to Conversation Timeout.
            </summary>
        </member>
        <member name="P:Secs4Net.Resources.S9F3">
            <summary>
              Looks up a localized string similar to Unrecognized Stream Type.
            </summary>
        </member>
        <member name="P:Secs4Net.Resources.S9F5">
            <summary>
              Looks up a localized string similar to Unrecognized Function Type.
            </summary>
        </member>
        <member name="P:Secs4Net.Resources.S9F7">
            <summary>
              Looks up a localized string similar to Illegal Data.
            </summary>
        </member>
        <member name="P:Secs4Net.Resources.S9F9">
            <summary>
              Looks up a localized string similar to Transaction Timer Timeout.
            </summary>
        </member>
        <member name="P:Secs4Net.Resources.S9Fy">
            <summary>
              Looks up a localized string similar to S9Fy message reply..
            </summary>
        </member>
        <member name="P:Secs4Net.Resources.SecsMessageStreamNumberMustLessThan127">
            <summary>
              Looks up a localized string similar to Stream number must be less than 127.
            </summary>
        </member>
        <member name="P:Secs4Net.Resources.SxF0">
            <summary>
              Looks up a localized string similar to Equipment is not online mode.
            </summary>
        </member>
        <member name="P:Secs4Net.Resources.T3Timeout">
            <summary>
              Looks up a localized string similar to T3 Timeout!.
            </summary>
        </member>
        <member name="M:Secs4Net.ISecsGem.GetPrimaryMessageAsync(System.Threading.CancellationToken)">
            <summary>
            Get primary messages from async-stream
            </summary>
            <param name="cancellation"></param>
        </member>
        <member name="M:Secs4Net.ISecsGem.SendAsync(Secs4Net.SecsMessage,System.Threading.CancellationToken)">
            <summary>
            Send a message to device asynchronously and get reply message.
            </summary>
            <param name="message">primary message</param>
            <returns>Secondary message, or null if <paramref name="message" />'s <see cref="P:Secs4Net.SecsMessage.ReplyExpected"/> is <see langword="false" /> </returns>
        </member>
        <member name="P:Secs4Net.SecsMessage.S">
            <summary>
            message stream number
            </summary>
        </member>
        <member name="P:Secs4Net.SecsMessage.F">
            <summary>
            message function number
            </summary>
        </member>
        <member name="P:Secs4Net.SecsMessage.ReplyExpected">
            <summary>
            expect reply message
            </summary>
        </member>
        <member name="P:Secs4Net.SecsMessage.SecsItem">
            <summary>
            the root item of message
            </summary>
        </member>
        <member name="M:Secs4Net.SecsMessage.#ctor(System.Byte,System.Byte,System.Boolean)">
            <summary>
            constructor of SecsMessage
            </summary>
            <param name="s">message stream number</param>
            <param name="f">message function number</param>
            <param name="replyExpected">expect reply message</param>
        </member>
    </members>
</doc>
